{"component-definition":{"uuid":"e78b6553-e860-4446-9f95-fec6184d73f6","metadata":{"title":"Amazon CodeGuru Reviewer","last-modified":"2025-12-14T19:32:06Z","oscal-version":"1.1.3","version":"DRAFT","remarks":"EXPERIMENTAL USE ONLY. This Open Security Controls Assessment Language (OSCAL) content has been prepared by AWS for informational purposes only. This OSCAL package is experimental and may contain errors or inconsistencies with the authoritative version of published information. Future versions of this OSCAL content, if any, may not be backwards compatible. Our goals for this experiment are to understand customer interest and use-cases for machine-readable compliance artifacts. To that end, AWS needs your feedback about the quality and usefulness of this content.\n\n"},"components":[{"uuid":"aca7b5e3-8c5b-4a53-8bd5-748d01f090c3","type":"service","title":"CodeGuru Reviewer","description":"_Empty_","props":[{"name":"service-id","value":"CodeGuru Reviewer","ns":"http://aws.amazon.com/ns/oscal"},{"name":"version","value":"2019-09-19"},{"name":"availability","value":"REGIONAL","ns":"http://aws.amazon.com/ns/oscal"},{"name":"label","value":"Amazon CodeGuru Reviewer","class":"serviceFullName","group":"service"},{"name":"apiEndpointPrefix","value":"codeguru-reviewer","ns":"http://aws.amazon.com/ns/oscal"},{"name":"arnNamespace","value":"codeguru-reviewer","ns":"http://aws.amazon.com/ns/oscal"},{"name":"cloudTrailEventSource","value":"codeguru-reviewer","ns":"http://aws.amazon.com/ns/oscal"}],"links":[{"rel":"provided-by","href":"#b82e1a67-8374-4282-87c9-933f333dd740","resource-fragment":"95255835-b2f5-446a-b3da-cc92305ba214","text":"Asia Pacific (Tokyo)"},{"rel":"provided-by","href":"#b82e1a67-8374-4282-87c9-933f333dd740","resource-fragment":"2930d749-54b1-4d7f-beaf-ed70d34ac20e","text":"Asia Pacific (Singapore)"},{"rel":"provided-by","href":"#b82e1a67-8374-4282-87c9-933f333dd740","resource-fragment":"b61bdd26-1b09-4fc9-a067-3ac9429acd81","text":"Asia Pacific (Sydney)"},{"rel":"provided-by","href":"#b82e1a67-8374-4282-87c9-933f333dd740","resource-fragment":"bc644e9d-5488-4811-80bc-3dd634744ac9","text":"Europe (Frankfurt)"},{"rel":"provided-by","href":"#b82e1a67-8374-4282-87c9-933f333dd740","resource-fragment":"5c65ae23-d283-47b2-8999-371e4a4388a6","text":"Europe (Stockholm)"},{"rel":"provided-by","href":"#b82e1a67-8374-4282-87c9-933f333dd740","resource-fragment":"31e959c6-95fb-4ba7-8464-e83d5a04bef5","text":"Europe (Ireland)"},{"rel":"provided-by","href":"#b82e1a67-8374-4282-87c9-933f333dd740","resource-fragment":"f80c3764-4775-4a1e-906b-aceb485fd9c9","text":"Europe (London)"},{"rel":"provided-by","href":"#b82e1a67-8374-4282-87c9-933f333dd740","resource-fragment":"15d02c1c-6731-4c2f-b707-dc7ea237789b","text":"US East (N. Virginia)"},{"rel":"provided-by","href":"#b82e1a67-8374-4282-87c9-933f333dd740","resource-fragment":"0eb891eb-122c-4f41-99af-621cbfa33f5f","text":"US East (Ohio)"},{"rel":"provided-by","href":"#b82e1a67-8374-4282-87c9-933f333dd740","resource-fragment":"33be3e8b-fef1-4628-a729-60822266755a","text":"US West (Oregon)"}]}],"back-matter":{"resources":[{"uuid":"b82e1a67-8374-4282-87c9-933f333dd740","title":"AWS Regions Component Definition","rlinks":[{"href":"../AWS_Regions_oscal_component-definition.json","media-type":"application/json"}]}]}}}
