{"component-definition":{"uuid":"bb7308fa-1cd1-4034-9068-b9bb6254860a","metadata":{"title":"Connect Campaigns","last-modified":"2025-12-14T19:32:06Z","oscal-version":"1.1.3","version":"DRAFT","remarks":"EXPERIMENTAL USE ONLY. This Open Security Controls Assessment Language (OSCAL) content has been prepared by AWS for informational purposes only. This OSCAL package is experimental and may contain errors or inconsistencies with the authoritative version of published information. Future versions of this OSCAL content, if any, may not be backwards compatible. Our goals for this experiment are to understand customer interest and use-cases for machine-readable compliance artifacts. To that end, AWS needs your feedback about the quality and usefulness of this content.\n\n"},"components":[{"uuid":"61cc2024-a4b4-4183-9af4-eb4d3ec5a6bc","type":"service","title":"ConnectCampaigns","description":"_Empty_","props":[{"name":"service-id","value":"ConnectCampaigns","ns":"http://aws.amazon.com/ns/oscal"},{"name":"version","value":"2021-01-30"},{"name":"availability","value":"REGIONAL","ns":"http://aws.amazon.com/ns/oscal"},{"name":"label","value":"Connect Campaigns","class":"serviceFullName","group":"service"},{"name":"apiEndpointPrefix","value":"connect-campaigns","ns":"http://aws.amazon.com/ns/oscal"},{"name":"arnNamespace","value":"connect-campaigns","ns":"http://aws.amazon.com/ns/oscal"},{"name":"cloudTrailEventSource","value":"connect-campaigns","ns":"http://aws.amazon.com/ns/oscal"}],"links":[{"rel":"provided-by","href":"#64355b5b-7621-43cb-8db8-90c6751f9ceb","resource-fragment":"b61bdd26-1b09-4fc9-a067-3ac9429acd81","text":"Asia Pacific (Sydney)"},{"rel":"provided-by","href":"#64355b5b-7621-43cb-8db8-90c6751f9ceb","resource-fragment":"a360932b-5632-40d0-b2e9-ecb84d8cd4c5","text":"Canada (Central)"},{"rel":"provided-by","href":"#64355b5b-7621-43cb-8db8-90c6751f9ceb","resource-fragment":"bc644e9d-5488-4811-80bc-3dd634744ac9","text":"Europe (Frankfurt)"},{"rel":"provided-by","href":"#64355b5b-7621-43cb-8db8-90c6751f9ceb","resource-fragment":"f80c3764-4775-4a1e-906b-aceb485fd9c9","text":"Europe (London)"},{"rel":"provided-by","href":"#64355b5b-7621-43cb-8db8-90c6751f9ceb","resource-fragment":"15d02c1c-6731-4c2f-b707-dc7ea237789b","text":"US East (N. Virginia)"},{"rel":"provided-by","href":"#64355b5b-7621-43cb-8db8-90c6751f9ceb","resource-fragment":"33be3e8b-fef1-4628-a729-60822266755a","text":"US West (Oregon)"}]}],"back-matter":{"resources":[{"uuid":"64355b5b-7621-43cb-8db8-90c6751f9ceb","title":"AWS Regions Component Definition","rlinks":[{"href":"../AWS_Regions_oscal_component-definition.json","media-type":"application/json"}]}]}}}
