{"component-definition":{"uuid":"6d965c4d-9845-4c1f-88f9-4f724ee2ce3c","metadata":{"title":"Amazon Pinpoint","last-modified":"2025-12-14T19:32:06Z","oscal-version":"1.1.3","version":"DRAFT","remarks":"EXPERIMENTAL USE ONLY. This Open Security Controls Assessment Language (OSCAL) content has been prepared by AWS for informational purposes only. This OSCAL package is experimental and may contain errors or inconsistencies with the authoritative version of published information. Future versions of this OSCAL content, if any, may not be backwards compatible. Our goals for this experiment are to understand customer interest and use-cases for machine-readable compliance artifacts. To that end, AWS needs your feedback about the quality and usefulness of this content.\n\n"},"components":[{"uuid":"54721b07-6de9-4454-906e-5a31c661e10a","type":"service","title":"Pinpoint","description":"_Empty_","props":[{"name":"service-id","value":"Pinpoint","ns":"http://aws.amazon.com/ns/oscal"},{"name":"version","value":"2016-12-01"},{"name":"availability","value":"REGIONAL","ns":"http://aws.amazon.com/ns/oscal"},{"name":"label","value":"Amazon Pinpoint","class":"serviceFullName","group":"service"},{"name":"apiEndpointPrefix","value":"pinpoint","ns":"http://aws.amazon.com/ns/oscal"},{"name":"arnNamespace","value":"pinpoint","ns":"http://aws.amazon.com/ns/oscal"},{"name":"cloudTrailEventSource","value":"pinpoint","ns":"http://aws.amazon.com/ns/oscal"}],"links":[{"rel":"provided-by","href":"#54bda39c-08c5-48ba-9581-90e8e4da598a","resource-fragment":"95255835-b2f5-446a-b3da-cc92305ba214","text":"Asia Pacific (Tokyo)"},{"rel":"provided-by","href":"#54bda39c-08c5-48ba-9581-90e8e4da598a","resource-fragment":"74b4bc33-a7cf-4709-b55a-f1c5e7b39fb1","text":"Asia Pacific (Seoul)"},{"rel":"provided-by","href":"#54bda39c-08c5-48ba-9581-90e8e4da598a","resource-fragment":"2c55f499-ec10-4da9-8889-1791669d394a","text":"Asia Pacific (Mumbai)"},{"rel":"provided-by","href":"#54bda39c-08c5-48ba-9581-90e8e4da598a","resource-fragment":"2930d749-54b1-4d7f-beaf-ed70d34ac20e","text":"Asia Pacific (Singapore)"},{"rel":"provided-by","href":"#54bda39c-08c5-48ba-9581-90e8e4da598a","resource-fragment":"b61bdd26-1b09-4fc9-a067-3ac9429acd81","text":"Asia Pacific (Sydney)"},{"rel":"provided-by","href":"#54bda39c-08c5-48ba-9581-90e8e4da598a","resource-fragment":"a360932b-5632-40d0-b2e9-ecb84d8cd4c5","text":"Canada (Central)"},{"rel":"provided-by","href":"#54bda39c-08c5-48ba-9581-90e8e4da598a","resource-fragment":"bc644e9d-5488-4811-80bc-3dd634744ac9","text":"Europe (Frankfurt)"},{"rel":"provided-by","href":"#54bda39c-08c5-48ba-9581-90e8e4da598a","resource-fragment":"31e959c6-95fb-4ba7-8464-e83d5a04bef5","text":"Europe (Ireland)"},{"rel":"provided-by","href":"#54bda39c-08c5-48ba-9581-90e8e4da598a","resource-fragment":"f80c3764-4775-4a1e-906b-aceb485fd9c9","text":"Europe (London)"},{"rel":"provided-by","href":"#54bda39c-08c5-48ba-9581-90e8e4da598a","resource-fragment":"15d02c1c-6731-4c2f-b707-dc7ea237789b","text":"US East (N. Virginia)"},{"rel":"provided-by","href":"#54bda39c-08c5-48ba-9581-90e8e4da598a","resource-fragment":"0eb891eb-122c-4f41-99af-621cbfa33f5f","text":"US East (Ohio)"},{"rel":"provided-by","href":"#54bda39c-08c5-48ba-9581-90e8e4da598a","resource-fragment":"8c313119-24de-4e47-b7dc-0cbd2a8eba1a","text":"AWS GovCloud (US-West)"},{"rel":"provided-by","href":"#54bda39c-08c5-48ba-9581-90e8e4da598a","resource-fragment":"33be3e8b-fef1-4628-a729-60822266755a","text":"US West (Oregon)"}]}],"back-matter":{"resources":[{"uuid":"54bda39c-08c5-48ba-9581-90e8e4da598a","title":"AWS Regions Component Definition","rlinks":[{"href":"../AWS_Regions_oscal_component-definition.json","media-type":"application/json"}]}]}}}
