{"component-definition":{"uuid":"01eb2a44-5d66-4e9f-b552-af85048e2315","metadata":{"title":"Route 53 Application Recovery Controller - Routing Control - Config","last-modified":"2025-12-14T19:32:06Z","oscal-version":"1.1.3","version":"DRAFT","remarks":"EXPERIMENTAL USE ONLY. This Open Security Controls Assessment Language (OSCAL) content has been prepared by AWS for informational purposes only. This OSCAL package is experimental and may contain errors or inconsistencies with the authoritative version of published information. Future versions of this OSCAL content, if any, may not be backwards compatible. Our goals for this experiment are to understand customer interest and use-cases for machine-readable compliance artifacts. To that end, AWS needs your feedback about the quality and usefulness of this content.\n\n"},"components":[{"uuid":"b1ed0d4a-9423-496a-8193-ed6b4261f69a","type":"service","title":"Route53 Recovery Control Config","description":"_Empty_","props":[{"name":"service-id","value":"Route53 Recovery Control Config","ns":"http://aws.amazon.com/ns/oscal"},{"name":"version","value":"2020-11-02"},{"name":"availability","value":"GLOBAL","ns":"http://aws.amazon.com/ns/oscal"},{"name":"label","value":"Route 53 Application Recovery Controller - Routing Control - Config","class":"serviceFullName","group":"service"},{"name":"apiEndpointPrefix","value":"route53-recovery-control-config","ns":"http://aws.amazon.com/ns/oscal"},{"name":"arnNamespace","value":"route53-recovery-control-config","ns":"http://aws.amazon.com/ns/oscal"},{"name":"cloudTrailEventSource","value":"route53-recovery-control-config","ns":"http://aws.amazon.com/ns/oscal"}],"links":[{"rel":"provided-by","href":"#ddba2de4-9a5b-44c8-90be-5cabb9480d09","resource-fragment":"33be3e8b-fef1-4628-a729-60822266755a","text":"US West (Oregon)"}]}],"back-matter":{"resources":[{"uuid":"ddba2de4-9a5b-44c8-90be-5cabb9480d09","title":"AWS Regions Component Definition","rlinks":[{"href":"../AWS_Regions_oscal_component-definition.json","media-type":"application/json"}]}]}}}
