{"component-definition":{"uuid":"3184e7b0-0d98-482d-bbb8-134dc4ead99c","metadata":{"title":"AWS Snow Device Management","last-modified":"2025-12-14T19:32:06Z","oscal-version":"1.1.3","version":"DRAFT","remarks":"EXPERIMENTAL USE ONLY. This Open Security Controls Assessment Language (OSCAL) content has been prepared by AWS for informational purposes only. This OSCAL package is experimental and may contain errors or inconsistencies with the authoritative version of published information. Future versions of this OSCAL content, if any, may not be backwards compatible. Our goals for this experiment are to understand customer interest and use-cases for machine-readable compliance artifacts. To that end, AWS needs your feedback about the quality and usefulness of this content.\n\n"},"components":[{"uuid":"d930a269-2ded-4b4e-bfe7-944489c45499","type":"service","title":"Snow Device Management","description":"_Empty_","props":[{"name":"service-id","value":"Snow Device Management","ns":"http://aws.amazon.com/ns/oscal"},{"name":"version","value":"2021-08-04"},{"name":"availability","value":"REGIONAL","ns":"http://aws.amazon.com/ns/oscal"},{"name":"label","value":"AWS Snow Device Management","class":"serviceFullName","group":"service"},{"name":"apiEndpointPrefix","value":"snow-device-management","ns":"http://aws.amazon.com/ns/oscal"},{"name":"arnNamespace","value":"snow-device-management","ns":"http://aws.amazon.com/ns/oscal"},{"name":"cloudTrailEventSource","value":"snow-device-management","ns":"http://aws.amazon.com/ns/oscal"}],"links":[{"rel":"provided-by","href":"#c9300e0d-9954-408e-b10c-17ca1164aa4f","resource-fragment":"11e4cc54-c6fc-4418-a8fb-ce66c3cc28f1","text":"Asia Pacific (Hong Kong)"},{"rel":"provided-by","href":"#c9300e0d-9954-408e-b10c-17ca1164aa4f","resource-fragment":"95255835-b2f5-446a-b3da-cc92305ba214","text":"Asia Pacific (Tokyo)"},{"rel":"provided-by","href":"#c9300e0d-9954-408e-b10c-17ca1164aa4f","resource-fragment":"74b4bc33-a7cf-4709-b55a-f1c5e7b39fb1","text":"Asia Pacific (Seoul)"},{"rel":"provided-by","href":"#c9300e0d-9954-408e-b10c-17ca1164aa4f","resource-fragment":"2c55f499-ec10-4da9-8889-1791669d394a","text":"Asia Pacific (Mumbai)"},{"rel":"provided-by","href":"#c9300e0d-9954-408e-b10c-17ca1164aa4f","resource-fragment":"2930d749-54b1-4d7f-beaf-ed70d34ac20e","text":"Asia Pacific (Singapore)"},{"rel":"provided-by","href":"#c9300e0d-9954-408e-b10c-17ca1164aa4f","resource-fragment":"b61bdd26-1b09-4fc9-a067-3ac9429acd81","text":"Asia Pacific (Sydney)"},{"rel":"provided-by","href":"#c9300e0d-9954-408e-b10c-17ca1164aa4f","resource-fragment":"a360932b-5632-40d0-b2e9-ecb84d8cd4c5","text":"Canada (Central)"},{"rel":"provided-by","href":"#c9300e0d-9954-408e-b10c-17ca1164aa4f","resource-fragment":"bc644e9d-5488-4811-80bc-3dd634744ac9","text":"Europe (Frankfurt)"},{"rel":"provided-by","href":"#c9300e0d-9954-408e-b10c-17ca1164aa4f","resource-fragment":"5c65ae23-d283-47b2-8999-371e4a4388a6","text":"Europe (Stockholm)"},{"rel":"provided-by","href":"#c9300e0d-9954-408e-b10c-17ca1164aa4f","resource-fragment":"31e959c6-95fb-4ba7-8464-e83d5a04bef5","text":"Europe (Ireland)"},{"rel":"provided-by","href":"#c9300e0d-9954-408e-b10c-17ca1164aa4f","resource-fragment":"f80c3764-4775-4a1e-906b-aceb485fd9c9","text":"Europe (London)"},{"rel":"provided-by","href":"#c9300e0d-9954-408e-b10c-17ca1164aa4f","resource-fragment":"4b429c20-fcff-4fb4-aff2-fd8e65e56049","text":"Europe (Paris)"},{"rel":"provided-by","href":"#c9300e0d-9954-408e-b10c-17ca1164aa4f","resource-fragment":"85e5ed41-83ba-4b84-b058-456308f2e4c3","text":"South America (Sao Paulo)"},{"rel":"provided-by","href":"#c9300e0d-9954-408e-b10c-17ca1164aa4f","resource-fragment":"15d02c1c-6731-4c2f-b707-dc7ea237789b","text":"US East (N. Virginia)"},{"rel":"provided-by","href":"#c9300e0d-9954-408e-b10c-17ca1164aa4f","resource-fragment":"0eb891eb-122c-4f41-99af-621cbfa33f5f","text":"US East (Ohio)"},{"rel":"provided-by","href":"#c9300e0d-9954-408e-b10c-17ca1164aa4f","resource-fragment":"529b5c93-4ad1-4231-975f-418dc8cad7d8","text":"US West (N. California)"},{"rel":"provided-by","href":"#c9300e0d-9954-408e-b10c-17ca1164aa4f","resource-fragment":"33be3e8b-fef1-4628-a729-60822266755a","text":"US West (Oregon)"}]}],"back-matter":{"resources":[{"uuid":"c9300e0d-9954-408e-b10c-17ca1164aa4f","title":"AWS Regions Component Definition","rlinks":[{"href":"../AWS_Regions_oscal_component-definition.json","media-type":"application/json"}]}]}}}
